{
  "project_info": {
    "project_number": "765231138007",
    "project_id": "otpverification-19c3b",
    "storage_bucket": "otpverification-19c3b.appspot.com"
  },
  "client": [
    {
      "client_info": {
        "mobilesdk_app_id": "1:765231138007:android:145c9d074451898f799c92",
        "android_client_info": {
          "package_name": "com.example.otpverification"
        }
      },
      "oauth_client": [],
      "api_key": [
        {
          "current_key": "AIzaSyCJlVAgpzIRbbCxcwzbSBGUMzeuNc_yAO0"
        }
      ],
      "services": {
        "appinvite_service": {
          "other_platform_oauth_client": []
        }
      }
    }
  ],
  "configuration_version": "1"
}